,Title,Published_date,Views,Likes,Comments,Month
0,Power BI DAX Tip | Using Variables üí° #dataanalysis #datascience #data #shorts,2023-08-27,1328,113,1,Aug
1,Power BI DAX Tip | Graceful Division ‚ûóüí°  #dataanalysis #investing #data #shorts,2023-08-26,2574,163,5,Aug
2,Data Informed vs. Data Driven Decision Making! ü§îüìä  #dataanalysis #datascience  #data #shorts,2023-08-25,3231,221,7,Aug
3,Don't ignore this if you are building a dashboard! üìä‚úè  #dataanalytics #datascience #data #shorts,2023-08-24,9877,614,5,Aug
4,India is now on the moonüåù#codebasics #chandrayaan3 #chandrayaan3mission #chandrayaan #data #shorts,2023-08-24,4004,276,12,Aug
5,He became a data analyst at age 51! üë®‚Äç‚öïÔ∏è‚û°üìäüò≤ #dataanalytics #data #datascience #shorts,2023-08-23,4843,280,5,Aug
6,LLM Explained Simply |  What is LLM?,2023-08-22,6437,406,39,Aug
7,Top 5 BI Tools in Market! üìä  #dataanalytics #data #datascience #shorts,2023-08-22,8090,356,9,Aug
8,Should you switch to Polar from Pandas?  #dataanalytics #datascience #data #shorts,2023-08-21,9034,469,7,Aug
9,Confused : Python or SQL? #dataanalytics #data #datascience #shorts,2023-08-20,7913,535,11,Aug
10,5 Dashboarding Tipsüí° #shorts #dataanalytics #data #datascience,2023-08-19,3560,275,1,Aug
11,You are missing out on a good friend #shorts #dataanalytics #data #datascience,2023-08-18,6001,433,10,Aug
12,Live Winners & Top 20 Submissions Announcement | Marketing Insights | Challenge#6 | Q & A,2023-08-17,3448,94,6,Aug
13,The Most Critical Underrated Skill for Data Analysts in 2023 | Unveiling the Secret,2023-08-16,9800,405,29,Aug
14,Real-time data project | Present Insights & get recognized by the government of Telangana | RPC#7,2023-08-11,14211,494,37,Aug
15,Data Analyst Job-Ready Checklist: Know Where You Stand! üöÄüöÄ,2023-08-04,40530,1831,105,Aug
16,Data Analyst at FORD after 7 years in Mechanical Engineering,2023-08-01,12642,338,16,Aug
17,SQL Tutorial For Beginners | MySQL Tutorial,2023-07-29,20014,580,57,Jul
18,Business Math & Statistics Using Excel For Data Analysts and Data Scientists,2023-07-21,22664,705,24,Jul
19,How to use ChatGPT on your data - End to End Project | OpenAI Function Calling For Beginners,2023-07-12,18698,502,38,Jul
20,OpenAI Api Crash Course For Beginners | Financial Data Extraction Tool Using OpenAI API,2023-07-05,21106,625,32,Jul
21,LangChain Crash Course For Beginners | LangChain Tutorial,2023-06-30,49114,1674,101,Jun
22,End-to-End NLP Project | Build a Chatbot in Dialogflow | NLP Tutorial | S3 E2,2023-06-23,52685,1313,147,Jun
23,Resume Challenge #5 Winner Announcement: Provide Insights to Telangana Government Tourism Department,2023-06-20,4507,82,5,Jun
24,Introduction to Chatbots | NLP Tutorial | S3 E1,2023-06-16,8065,301,22,Jun
25,How He Grew His Business 3X Using Data Analytics | Mechanical Engineer to Data Analyst,2023-06-01,10862,276,13,Jun
26,Know this before you start learning any technology üöÄ,2023-05-27,12409,709,3,May
27,Hacks for Moms With a Career Break to Become a Data Analyst [Unfiltered Process],2023-05-25,13036,420,49,May
28,Will AI Replace Data Analyst Jobs?,2023-05-20,62687,1649,163,May
29,"ChatGPT vs BARD, Which is better?",2023-05-17,13477,326,38,May
30,Watch this if you have a CAREER GAP,2023-05-16,17080,1308,39,May
31,5 Ways to Learn Data Analytics By Solving Real-Life Problems,2023-05-13,16648,487,28,May
32,Static Resumes Are Dying...,2023-05-10,22562,1226,14,May
33,Codebasics Data Analyst Bootcamp is Now LIVE üî•,2023-04-27,26076,635,287,Apr
34,Is Python Really Needed For a Data Analyst Job?,2023-04-22,27008,1065,53,Apr
35,5 Ways To Get a JOB in the USA from India,2023-04-18,70571,2303,76,Apr
36,Resume Challenge #4 Winner Announcement: Provide Insights to Management in Consumer Goods Domain,2023-03-28,3250,95,4,Mar
37,B.Com to Data Analytics Transition,2023-03-18,11498,389,41,Mar
38,GPT-4 Demo | GPT3 vs GPT4,2023-03-15,122065,1444,145,Mar
39,What is STAR schema | Star vs Snowflake Schema | Fact vs Dimension Table,2023-02-16,37204,1777,68,Feb
40,How Omdena helped her get a Data Scientist job!,2023-02-11,8472,335,29,Feb
41,Team Codebasics UNITED üî•üéá,2023-02-08,20907,1221,23,Feb
42,Can I learn data science if I am more than 30?,2023-02-07,11745,685,96,Feb
43,How Data Analysts Build Dashboard in Real Time? | Revenue Insights | Hospitality Domain,2023-02-04,173135,5009,164,Feb
44,These folks were HIRED as Data Analysts without an interview!,2023-01-28,29756,851,38,Jan
45,Do people really get a Job via Job guarantee programs?,2023-01-24,19388,468,124,Jan
46,5 data analyst projects to land a job at 0 $ | All Materials Included,2023-01-21,96991,3901,96,Jan
47,Resume Challenge #3 Winner Announcement: Insights to the Executive Team in the Telecom Domain,2023-01-13,3024,82,1,Jan
48,Data Science Roadmap 2023 | Learn Data Science Skills in 6 Months,2023-01-12,322000,16083,613,Jan
49,B Com to Software Developer Transition,2023-01-10,7011,296,52,Jan
50,"Codebasics Live Data Quiz | 6 Jan, 7.30 pm IST, 2023",2023-01-06,3461,144,15,Jan
51,SQL Job Options | Career Paths After Learning SQL,2023-01-05,21195,616,40,Jan
52,Data Analyst Roadmap 2023 | Learn data analytics skills in 3 months,2023-01-02,276601,10397,336,Jan
53,5 Unique Python Project Ideas for Your Resume | Python Projects for Beginners to Advanced,2022-12-28,62141,2173,52,Dec
54,Which jobs are secure against ChatGPT breakthrough? üôÑ,2022-12-23,23411,864,101,Dec
55,Top 8 Python Libraries You Must Know In 2023 For Data Science | Python Modules for Data Science,2022-12-22,36152,1259,40,Dec
56,"End To End Cricket Data Analytics Project Using Web Scraping, Python, Pandas and Power BI",2022-12-16,280751,7300,319,Dec
57,7 Job Options After Learning Python | Python Career Opportunities,2022-12-09,55074,1621,70,Dec
58,Codebasics Reached 700K Subscribers Mark. Thank You All üôè,2022-12-07,8523,455,17,Dec
59,How important are Excel skills for a Data Career?,2022-11-30,15927,816,13,Nov
60,5 Ways SQL is Used In The Data Industry,2022-11-26,14338,427,15,Nov
61,What Can I Do To Survive Recession? | Impact Of Recession On Data Jobs,2022-11-22,14006,513,27,Nov
62,Future belongs to those...,2022-11-22,37035,2555,23,Nov
63,SQL Course Live Now On Codebasics.io | SQL For Beginner and Advanced Users,2022-11-17,32890,568,78,Nov
64,SQL Course Movie Trailer,2022-11-15,26572,709,88,Nov
65,Get a Data Science Interview Call Using Cold Emailing,2022-11-12,7514,275,10,Nov
66,Resume Project Challenge #2 Winner Announcement: Supply Chain Insights In FMCG Domain,2022-11-10,4909,126,3,Nov
67,"4 Tips For Building Powerful Data Science Projects. Ft. Nick Singh (Ex. Facebook, Google)",2022-11-05,10594,331,13,Nov
68,fastText tutorial | Text Classification Using fastText | NLP Tutorial For Beginners - S2 E13,2022-10-28,15595,504,39,Oct
69,fastText Tutorial | Train Custom Word Vectors in fastText | NLP Tutorial For Beginners - S2 E12,2022-10-22,18060,380,39,Oct
70,Free data analytics project for your resume with FMCG / Supply Chain dataset | Challenge #2,2022-10-12,24895,594,33,Oct
71,News classification using Gensim word vectors: NLP Tutorial For Beginners - S2 E11,2022-10-11,9839,377,34,Oct
72,Resume Project Challenge Winner Announcement: Revenue Insights In Hospitality Domain,2022-10-10,6694,151,6,Oct
73,Word vectors in Gensim overview: NLP Tutorial For Beginners - S2 E10,2022-10-05,10604,374,20,Oct
74,News classification using Spacy word vectors: NLP Tutorial For Beginners - S2 E9,2022-10-01,12943,407,28,Oct
75,Word vectors in Spacy overview: NLP Tutorial For Beginners - S2 E8,2022-09-28,11221,249,12,Sep
76,AI/Ml Career Insights From Google's AI Cloud Solution Services Head - India,2022-09-24,11829,276,15,Sep
77,Free data analytics project for your resume with hospitality dataset | Challenge #1,2022-09-21,20540,587,16,Sep
78,3 Important things to get your resume picked,2022-09-19,6629,283,7,Sep
79,Three excellent websites to practice SQL interview questions üî•,2022-09-17,15583,951,8,Sep
80,NVIDIA GPU Giveaway | World's Biggest FREE AI Conference - NVIDIA GTC Fall 2022,2022-09-16,5799,186,110,Sep
81,Build a Stand-Out Data Science Project Portfolio With Omdena,2022-09-14,30810,971,35,Sep
82,8 Data Analyst Skills in 2022 | Ironman Style üî•üî•,2022-09-12,19429,1267,17,Sep
83,6 Power BI Skills To Become A Successful Data Analyst üî•üî•,2022-09-09,14485,698,7,Sep
84,Text Representation Using Word Embeddings: NLP Tutorial For Beginners - S2 E7,2022-09-08,21560,529,25,Sep
85,Data Analyst Project For Beginners (HR Analytics): 6 - Closing,2022-09-05,22726,432,39,Sep
86,Data Analyst Project For Beginners (HR Analytics): 5 - Dashboarding,2022-09-05,18010,220,24,Sep
87,Data Analyst Project For Beginners (HR Analytics): 4 - Creating Metrics,2022-09-05,20213,220,62,Sep
88,Data Analyst Project For Beginners (HR Analytics): 3 - Data Gathering & Transformation,2022-09-05,39479,492,60,Sep
89,Data Analyst Project For Beginners (HR Analytics): 2 - Understanding Requirements,2022-09-05,36123,473,24,Sep
90,Data Analyst Project For Beginners (HR Analytics): 1 - Problem Statement,2022-09-05,61959,952,34,Sep
91,Codebasics Day: Live Fun Data Quiz With Prizes For Winners,2022-09-05,2623,72,3,Sep
92,Teachers Who Influenced us,2022-09-05,1183,44,3,Sep
93,"Codebasics Day: New Initiative To Help Data Science, Data Analytics Learners",2022-09-05,5965,241,18,Sep
94,Codebasics Day: The Teacher Who Doesn‚Äôt Want to Retire,2022-09-05,4479,371,42,Sep
95,"Big Announcement, Live Stream | 5th September - Codebasics Day",2022-09-02,8487,235,33,Sep
96,SQL Interview Questions and Answers Practice | 3 Best Websites,2022-09-01,30641,1380,36,Sep
97,Your First Data Analytics Project,2022-08-30,91604,6527,32,Aug
98,What is Business Intelligence Tool? What is Power BI?,2022-08-27,23407,483,24,Aug
99,Not getting answers for your questions? Try this POWERFUL techniqueüöÄ,2022-08-25,5582,368,5,Aug
100,Having a confusion on your career? Try this bottom up approach!,2022-08-20,12746,467,41,Aug
101,Text Representation Using TF-IDF: NLP Tutorial For Beginners - S2 E6,2022-08-17,25625,541,20,Aug
102,Text Representation Using Bag Of n-grams: NLP Tutorial For Beginners - S2 E5,2022-08-13,20071,432,29,Aug
103,Study plan to crack FAANG job interviews | MAANG interview preparation guide,2022-08-06,189848,6580,145,Aug
104,Stop Words: NLP Tutorial For Beginners - S2 E4,2022-08-04,12584,310,20,Aug
105,Pandas Memory Optimization Tips,2022-08-01,5248,245,11,Aug
106,What exactly is insights to space ratio in BI dashboard?,2022-07-27,7140,306,5,Jul
107,Text Representation Using Bag Of Words (BOW): NLP Tutorial For Beginners - S2 E3,2022-07-25,22633,528,28,Jul
108,Data Analytics Live Q&A - 24th July,2022-07-24,8190,267,25,Jul
109,The Learning Resource That Helped People Crack Job Interviews at Meta and Walmart,2022-07-21,8143,215,14,Jul
110,What Learners Think About Codebasics Data Analytics Course?,2022-07-15,8857,221,66,Jul
111,Text Representation: Label & One Hot Encoding: NLP Tutorial For Beginners - S2 E2,2022-07-14,16135,545,23,Jul
112,How to Design an Effective Data Visualization Dashboard?,2022-07-09,55468,655,17,Jul
113,What are the features in machine learning?,2022-07-07,8024,236,16,Jul
114,Resume Tips: Interests and Hobbies Section,2022-07-06,24612,767,8,Jul
115,Data Visualization Tip: Provide a Context,2022-07-04,7967,404,7,Jul
116,Text Representation Basics: NLP Tutorial For Beginners - Season 2 Episode 1,2022-07-01,16016,495,18,Jul
117,Resume Tip: Use STAR Method to Describe Project Experience,2022-06-30,12501,557,4,Jun
118,Deepnote = Jupyter notebook for collaboration ü§ù | Deepnote Tutorial,2022-06-29,8371,200,14,Jun
119,Resume Tip: Concrete Proof Over a Vague Claim,2022-06-27,8780,329,4,Jun
120,Data Visualization Tip: Start Your Chart With ZERO,2022-06-25,24548,1138,13,Jun
121,Data Visualization Tip - What is Ribbon chart?,2022-06-23,18379,860,18,Jun
122,Python Course is LIVE now üî•üî•üî•,2022-06-21,23749,634,115,Jun
123,Data Visualization Tip - Pie Chart or Bar Chart?,2022-06-15,13615,631,19,Jun
124,Data Analyst & Software Engineer Resume Tips and Templates,2022-06-11,43981,1267,52,Jun
125,Data Analytics Live Q&A,2022-06-05,10411,329,23,Jun
126,Named Entity Recognition (NER): NLP Tutorial For Beginners - S1 E12,2022-06-03,48381,1037,39,Jun
127,A Killer Update In Power BI üî•,2022-05-31,99512,3959,24,May
128,Data Analytics In Power BI Tutorials For Beginners: The Course is now LIVE üöÄ,2022-05-26,55970,1012,167,May
129,Must have skill for exploratory data analysis.,2022-05-21,15950,684,24,May
130,Data science skills 10 years from now!,2022-05-16,21641,1018,41,May
131,Part Of Speech POS Tagging: NLP Tutorial For Beginners - S1 E11,2022-05-14,24424,601,37,May
132,Future of NLP Jobs,2022-05-11,31150,1349,31,May
133,How do I learn the GIT version control system easily?,2022-05-09,13371,597,15,May
134,Stemming and Lemmatization: NLP Tutorial For Beginners - S1 E10,2022-05-07,30586,926,28,May
135,Future of data science jobs,2022-05-05,114169,6268,92,May
136,Do you have a fear of coding? Try this!,2022-05-02,28188,1566,48,May
137,"Preparing Kids For Data Science, AI Career | Don't Spoil Their Childhood!",2022-04-29,82457,1940,213,Apr
138,Language Processing Pipeline in Spacy: NLP Tutorial For Beginners - S1 E9,2022-04-26,25296,819,34,Apr
139,From an Intern to a CEO in 4 years,2022-04-22,10994,295,26,Apr
140,Tokenization in Spacy: NLP Tutorial For Beginners - S1 E8,2022-04-20,36618,1300,36,Apr
141,The New Beginning,2022-04-15,34840,2173,291,Apr
142,The END of the Journey,2022-04-09,65344,3801,582,Apr
143,USA vs Canada For Masters Studies,2022-04-06,62142,1585,164,Apr
144,Spacy vs NLTK: NLP Tutorial For Beginners In Python - S1 E7,2022-04-01,48446,1572,49,Apr
145,How can you find the best career for yourself? Finding your IKIGAI,2022-03-28,21865,785,81,Mar
146,NLP Pipeline: NLP Tutorial For Beginners In Python - S1 E6,2022-03-26,45852,1228,47,Mar
147,NVIDIA GTC & A Giveaway!,2022-03-19,5855,217,46,Mar
148,My YouTube Setup Upgrades,2022-03-17,3661,118,17,Mar
149,The most common mistake by a new programmer!,2022-03-12,16602,832,34,Mar
150,The Great Career Transition Era Has Arrived | You Can Do Anything,2022-03-08,22170,981,81,Mar
151,How to build domain knowledge,2022-03-04,40366,1440,97,Mar
152,What is Metaverse? Metaverse Career Opportunities,2022-02-26,35351,1037,56,Feb
153,Upcoming in-person meetup,2022-02-22,7248,175,20,Feb
154,NLP Tasks: NLP Tutorial For Beginners In Python - S1 E5,2022-02-19,41363,951,41,Feb
155,"Reality behind data science, machine learning jobs",2022-02-16,1211518,57659,421,Feb
156,Business Degree To Data Science At Amazon & Google | Sundas' Inspirational Story @SundasKhalid,2022-02-12,81014,1749,72,Feb
157,Code Monkey Mindset,2022-02-09,16001,825,20,Feb
158,Three Category Of Techniques for NLP : NLP Tutorial For Beginners In Python - S1 E4,2022-02-06,53531,1294,34,Feb
159,Is Python A Slow Language?,2022-02-05,23182,1316,60,Feb
160,Aim Higher | Job Search Advice,2022-02-02,18859,1184,35,Feb
161,Regex For NLP: NLP Tutorial For Beginners In Python - S1 E3,2022-01-29,103647,2467,91,Jan
162,Why NLP is booming right now? | NLP Tutorial For Beginners In Python - S1 E2,2022-01-27,87803,2012,60,Jan
163,Not getting enough time to learn data science? Here is the time savings tip!,2022-01-26,25733,1285,26,Jan
164,Introduction | NLP Tutorial For Beginners In Python  -  Season 1 Episode 1,2022-01-22,211989,4076,142,Jan
165,Codebasics Coding Competition: üí• ùêÇùêéùêÉùêÑ-ùêÄ-ùêìùêáùêéùêç üí•,2022-01-21,8455,294,18,Jan
166,Data Engineering Interview Tips By Airbnb Data Engineer | Part 2,2022-01-15,26110,719,29,Jan
167,Why I love Python?,2022-01-12,11762,732,35,Jan
168,Data Engineering Career Tips By Airbnb Data Engineer | Part 1,2022-01-09,81226,2294,62,Jan
169,Data Science Masters In USA - Live Q&A,2022-01-02,12287,403,22,Jan
170,Is Auto ML going to kill data science jobs?,2021-12-29,40278,1083,51,Dec
171,Simple explanation of Modified Z Score | Modified Z Score to detect outliers with python code,2021-12-25,19141,513,41,Dec
172,Masters in Physics to Data Scientist Career Transition Story,2021-12-21,26569,984,94,Dec
173,Single tip to make fast progress in your job | Skyrocket your career with this single tip,2021-12-16,13568,584,37,Dec
174,5x your productivity with this single app: Notion | How I use notion to manage my youtube channel,2021-12-10,12866,261,31,Dec
175,Step by step process of thinking like a data analyst | How a data analyst thinks,2021-12-04,36758,1450,98,Dec
176,Regular Expression Tutorial Python | Python Regex Tutorial,2021-12-01,73107,2200,108,Dec
177,"The real importance of a degree in data science, software engineering interview",2021-11-30,60902,2476,41,Nov
178,Common mistakes junior programmers make | Programming tips,2021-11-27,18484,610,48,Nov
179,When you say YES to something you are saying NO to something else.,2021-11-25,13232,435,16,Nov
180,"Live Q&A: Data Science, ML. Ft: Anuj Gupta (Head of Machine Learning @ Vahan Inc, NLP Book Author)",2021-11-20,7459,230,10,Nov
181,Data Science Projects For Resume | Machine Learning Projects With Source Code,2021-11-13,353346,11471,156,Nov
182,Statistics Books For Data Science and Machine Learning,2021-11-10,38618,1063,62,Nov
183,Free datasets for machine learning and data science projects,2021-11-07,18539,697,34,Nov
184,Data Engineer At Grubhub After 6 Years Of Career Break,2021-11-02,19924,509,62,Nov
185,"He won $21,000 in a Live Hacking Event | Bug Bounty",2021-10-28,25457,915,49,Oct
186,Interview Tips With @gkcs‚Äã,2021-10-24,9211,259,14,Oct
187,Machine Learning Tutorial Python - 21: Ensemble Learning - Bagging,2021-10-22,62178,1515,83,Oct
188,Machine Learning Tutorial Python - 20: Bias vs Variance In Machine Learning,2021-10-19,50514,1563,61,Oct
189,Lawyer to a Software Engineer At Google,2021-10-16,16466,594,72,Oct
190,NVIDIA GTC 21 & a Giveaway !,2021-10-12,6824,275,220,Oct
191,Machine Learning Tutorial Python - 19: Principal Component Analysis (PCA) with Python Code,2021-10-09,120027,2439,125,Oct
192,Machine Learning Tutorial Python - 18: K nearest neighbors classification with python code,2021-10-06,112189,1842,74,Oct
193,How do I transition from software development to data science?,2021-10-04,14731,480,53,Oct
194,"What is Hypothesis Testing ? Math, Statistics for data science, machine learning",2021-10-02,74190,2204,117,Oct
195,Deep learning project end to end | Potato Disease Classification - 8 : Mobile App in React Native,2021-09-27,38985,510,57,Sep
196,How do I transition from software testing to data science?,2021-09-25,31576,798,63,Sep
197,Career Gap and Now a Machine Learning Engineer At Sony,2021-09-18,13932,363,58,Sep
198,Simple explanation of A/B Testing,2021-09-15,67436,1572,47,Sep
199,Deep learning project end to end | Potato Disease Classification - 7 : Model Deployment To GCP,2021-09-12,31949,325,64,Sep
200,Deep learning project end to end | Potato Disease Classification - 6 : ImageDataGenerator API,2021-09-11,28280,288,20,Sep
201,18 Lakh Per Annum Job Offer As a Data Science Fresher | Geology to Data Science,2021-09-08,164117,5062,238,Sep
202,How to code faster - 7 tips to improve code development speed,2021-09-04,9429,408,27,Sep
203,"Salary Negotiation Tips levels.fyi founder (Ex Linkedin, Amazon Engineer)",2021-08-29,14651,291,14,Aug
204,"Text Classification Using BERT & Tensorflow | Deep Learning Tutorial 47 (Tensorflow, Keras & Python)",2021-08-28,111261,1882,119,Aug
205,"Resume tips from levels.fyi founder (Ex Linkedin, Amazon Engineer) | Part 1",2021-08-28,7964,217,14,Aug
206,"Importance of Data Structures, Algorithms and Competitive Coding In Data Science Career",2021-08-27,34577,1200,77,Aug
207,Deep learning project end to end | Potato Disease Classification - 5 : Website (In React JS),2021-08-26,39916,494,98,Aug
208,Deep learning project end to end | Potato Disease Classification - 4 : FastAPI/tf serving Backend,2021-08-25,71358,626,113,Aug
209,Deep learning project end to end | Potato Disease Classification - 3 : Model Building,2021-08-24,84633,1132,167,Aug
210,"Deep learning project end to end | Potato Disease Classification - 2 :Data collection, preprocessing",2021-08-23,143243,2682,140,Aug
211,Deep learning project end to end | Potato Disease Classification Using CNN - 1 : Problem Statement,2021-08-22,188767,3223,122,Aug
212,FastAPI Tutorial | FastAPI vs Flask,2021-08-18,56161,1342,57,Aug
213,I am really sorry about this!,2021-08-16,52025,1902,73,Aug
214,Is age a barrier to learn data science?,2021-08-14,42917,1676,129,Aug
215,"Quantization in deep learning | Deep Learning Tutorial 49 (Tensorflow, Keras & Python)",2021-08-14,34107,1095,104,Aug
216,Do you need a college degree for data science or coding career?,2021-08-11,16167,723,84,Aug
217,"He has worked for Facebook, Google, Microsoft AI Research Teams | Data Scientist",2021-08-07,12611,375,34,Aug
218,"tf serving tutorial | tensorflow serving tutorial | Deep Learning Tutorial 48 (Tensorflow, Python)",2021-08-05,38028,670,38,Aug
219,What is Self Supervised Learning?,2021-08-04,17581,387,22,Aug
220,How Kaggle Helped Him Become ML Engineer With Mechanical Engineer Degree,2021-07-31,109466,3447,145,Jul
221,3 ways you can switch to a data science career from non technical background,2021-07-27,37921,899,121,Jul
222,"Text Classification Using BERT & Tensorflow | Deep Learning Tutorial 47 (Tensorflow, Keras & Python)",2021-07-24,21620,530,83,Jul
223,"What is BERT? | Deep Learning Tutorial 46 (Tensorflow, Keras & Python)",2021-07-22,180809,5887,187,Jul
224,250 to 650 People During Pandemic | Hypergrowth Story of Bacancy Technology,2021-07-20,4956,99,3,Jul
225,"Cosine similarity, cosine distance explained | Math, Statistics for data science, machine learning",2021-07-15,43978,1110,55,Jul
226,Not getting interview calls? Try these 3 effective tips,2021-07-12,32951,1429,151,Jul
227,Mumbai freelancer earns 3 lakh INR a month with data engineering,2021-07-10,121748,3441,154,Jul
228,"sin cos tan explained. Explanation using real life example | Math, Statistics for data science",2021-07-08,30098,922,40,Jul
229,He got 4 data analyst job offers | Mechanical engineer to data analyst,2021-07-05,87045,2187,116,Jul
230,Practical AI: Is it all about building models | Conversation with head of machine learning @Vahan,2021-07-03,8482,286,37,Jul
231,How useful are certificates to get a data science job?,2021-06-30,41207,1144,197,Jun
232,"He cracked FAANG (MAANG) interviews in 10 companies including Amazon, Facebook, UBER, Microsoft",2021-06-19,641257,13887,636,Jun
233,Optimize Tensorflow Pipeline Performance: prefetch & cache | Deep Learning Tutorial 45 (Tensorflow),2021-06-15,24440,685,41,Jun
234,How amazon uses data science? | Woman in data science | Career tips from Amazon Data Scientist,2021-06-12,60244,1537,120,Jun
235,"Tensorflow Input Pipeline | tf Dataset | Deep Learning Tutorial 44 (Tensorflow, Keras & Python)",2021-06-10,71866,1565,73,Jun
236,3 Most Important Skills to Become A Data Scientist,2021-06-06,174755,2039,167,Jun
237,Crypto & Blockchain Live,2021-06-05,4570,110,9,Jun
238,Distributed Training On NVIDIA DGX Station A100 | Deep Learning Tutorial 43 (Tensorflow & Python),2021-06-01,25539,530,49,Jun
239,How to build a software product and sell it for multimillion $$$? | Become a software entrepreneur,2021-05-29,13037,394,33,May
240,How I Learned Data Science | My Data Science Journey,2021-05-24,86863,3372,293,May
241,Data Science Internship LIVE Q&A With Tesla Data Science Intern,2021-05-22,23906,821,28,May
242,Word2Vec Part 2 | Implement word2vec in gensim |  | Deep Learning Tutorial 42 with Python,2021-05-21,65695,1405,95,May
243,GPU Burn Test | NVIDIA DGX Station A100 Thermal Benchmark,2021-05-19,7215,135,11,May
244,Do you want to start a business or have entrepreneurship dreams? Here is the live guidance session,2021-05-16,4766,174,22,May
245,How do I stay updated in Data Science?,2021-05-15,18559,555,44,May
246,"Log normal distribution | Math, Statistics for data science, machine learning",2021-05-14,69859,1616,74,May
247,Complete Roadmap for Machine Learning | ML Roadmap for Beginners,2021-05-11,212117,7810,267,May
248,Data Scientist & Software Engineer Salaries in 2021,2021-05-08,32626,569,48,May
249,"Descriptive vs Inferential Statistics | Math, Statistics for data science, machine learning",2021-05-05,50831,1587,90,May
250,Live Data Science Q&A: Charity Stream To Help India Fight COVID,2021-05-02,3932,162,10,May
251,"Median, Mean, Mode, Percentile | Math, Statistics for data science, machine learning",2021-05-01,84293,2044,96,May
252,What is machine learning lifecycle? | What is Model Development Life Cycle (MDLC)? MDLC vs SDLC,2021-04-29,7109,235,16,Apr
253,"Normal Distribution and Z Score | Math, Statistics for data science, machine learning",2021-04-26,81249,2208,188,Apr
254,"What is Standard Deviation and Mean Absolute Deviation | Math, Statistics for data science, ML",2021-04-23,85283,2258,128,Apr
255,Introduction | Mathematics and statistics for data science and machine learning,2021-04-18,200453,4329,329,Apr
256,"What is logarithm? | Math, Statistics for data science, machine learning",2021-04-18,81181,2397,184,Apr
257,LIVE: Data Science Q&A,2021-04-17,12291,402,23,Apr
258,Business Analyst VS Data Analyst,2021-04-15,98374,2898,163,Apr
259,What is Edge AI? | What is edge computing?,2021-04-13,15216,450,25,Apr
260,FIRST LOOK: NVIDIA DGX Station A100 Unboxing,2021-04-12,45951,815,98,Apr
261,LIVE Data Analyst Q&A Ft. Alex The Analyst,2021-04-10,10428,439,29,Apr
262,Why bitcoin price is going up? | Why crypto going up?,2021-04-09,4506,158,30,Apr
263,"PHD in machine learning or data science, is it worth?",2021-04-08,32757,731,68,Apr
264,How bitcoin miners collect their reward? | How miners send mining reward in their digital wallet?,2021-04-05,29907,680,156,Apr
265,"What is Word2Vec? A Simple Explanation | Deep Learning Tutorial 41 (Tensorflow, Keras & Python)",2021-04-04,104270,2764,92,Apr
266,LIVE Data Science and Programming Q&A: Ft. Bhavesh Bhatt,2021-04-03,4841,193,12,Apr
267,He completed his data science masters in USA for FREE!,2021-04-01,32933,706,17,Apr
268,Join with me to attend FREE AI Conference NVIDIA GTC: April 12 to 16,2021-03-27,4559,178,188,Mar
269,LIVE Q&A: Data science transition from non technical background,2021-03-26,5279,174,8,Mar
270,"Word embedding using keras embedding layer | Deep Learning Tutorial 40 (Tensorflow, Keras & Python)",2021-03-24,49967,1086,52,Mar
271,What is Bitcoin | How does bitcoin work | Easy Explanation of Bitcoin | Explain Bitcoin as If I am 5,2021-03-20,28898,751,95,Mar
272,How can you start learning data science from your school days?,2021-03-19,5307,146,56,Mar
273,Masters in data science or computer science with ML subjects? Which one is better?,2021-03-17,79977,1357,171,Mar
274,How do I manage time for youtube channel and 9 to 6 job?,2021-03-14,10005,564,86,Mar
275,"Converting words to numbers, Word Embeddings | Deep Learning Tutorial 39 (Tensorflow & Python)",2021-03-13,58994,1357,58,Mar
276,Mechanical Engineer To Data Analyst,2021-03-11,45190,1023,64,Mar
277,Should I join startup OR a big mnc company OR pursue masters abroad ?,2021-03-09,7139,388,53,Mar
278,Ask me anything: LIVE Q&A,2021-03-07,4626,212,38,Mar
279,Masters in business analytics from Australia | Guidance and tips,2021-03-06,40435,918,72,Mar
280,Python Pandas Tutorial 15. Handle Large Datasets In Pandas | Memory Optimization Tips For Pandas,2021-03-04,38942,863,21,Mar
281,Petroleum Engineer To Data Scientist,2021-03-02,15978,352,28,Mar
282,"Bidirectional RNN | Deep Learning Tutorial 38 (Tensorflow, Keras & Python)",2021-02-28,45318,1000,38,Feb
283,"Bug Wars Episode 1: Software Engineer VS a BUG, An Epic Battle, Star Wars Style",2021-02-27,4098,153,47,Feb
284,Why is Python slow?,2021-02-24,9650,503,68,Feb
285,Simple Explanation of GRU (Gated Recurrent Units) | Deep Learning Tutorial 37 (Tensorflow & Python),2021-02-21,77494,1616,31,Feb
286,Conversation With a Python Steering Council Member,2021-02-20,2419,133,6,Feb
287,Learn DevOps Skills For Free Using KodeKloud Engineer,2021-02-17,19359,556,47,Feb
288,Data Science Masters in USA | Guidance and Tips,2021-02-14,63973,1913,82,Feb
289,Simple Explanation of Recursion | Recursion Python| Data Structures & Algorithms Tutorial Python #20,2021-02-13,78984,2352,136,Feb
290,QR Code In 10 lines of Python Code | Generate and Access QR Code Easily Using Python,2021-02-09,120132,2348,116,Feb
291,"Simple Explanation of LSTM | Deep Learning Tutorial 36 (Tensorflow, Keras & Python)",2021-02-06,305010,7011,229,Feb
292,Power BI Data Analytics Project: Personal Finance Dashboard,2021-01-30,111166,2475,186,Jan
293,Instagram automation with 10 lines of python code | Python Instagram BOT,2021-01-27,270085,6181,634,Jan
294,"Vanishing and exploding gradients | Deep Learning Tutorial 35 (Tensorflow, Keras & Python)",2021-01-23,63715,1601,54,Jan
295,Parameters vs hyperparameters in machine learning,2021-01-21,31409,757,31,Jan
296,He got 5 internships and 2 job offers | Interview with Zomato machine learning engineer,2021-01-17,7765,270,56,Jan
297,Not getting any interview calls? Do this. |  How to get interview calls?,2021-01-16,44611,1402,127,Jan
298,Should I pursue data analyst masters in USA?,2021-01-15,32195,613,90,Jan
299,Types of RNN | Recurrent Neural Network Types | Deep Learning Tutorial 34 (Tensorflow & Python),2021-01-15,46850,989,18,Jan
300,"What is Recurrent Neural Network (RNN)? Deep Learning Tutorial 33 (Tensorflow, Keras & Python)",2021-01-12,212294,4254,127,Jan
301,Do this to get a data science job abroad,2021-01-10,81935,2592,167,Jan
302,"Going to USA for data science Or computer science masters, good idea?",2021-01-08,134273,5290,400,Jan
303,Object detection using YOLO v4 and pre trained model | Deep Learning Tutorial 32 (Tensorflow),2021-01-07,149939,2713,96,Jan
304,Bitcoin mining with 15 lines of python code Python Bitcoin Tutorial,2021-01-03,1089306,31678,2835,Jan
305,Data Scientist vs Machine Learning Engineer | DS vs ML,2021-01-02,110022,3630,159,Jan
306,Codebasics Hindi Channel | Codebasics ‡§π‡§ø‡§Ç‡§¶‡•Ä,2021-01-01,4048,193,35,Jan
307,"Skillbasics.com, a website for your tech learning! Wish you all a very happy new year !",2020-12-31,6037,462,89,Dec
308,Build language translator with 3 lines of python code,2020-12-30,77143,1711,164,Dec
309,Top 5 Programming Languages To Learn in 2021,2020-12-27,98143,1403,269,Dec
310,Can anyone learn coding? | How to learn coding faster?,2020-12-26,9672,550,102,Dec
311,"What is YOLO algorithm? | Deep Learning Tutorial 31 (Tensorflow, Keras & Python)",2020-12-25,450171,9884,237,Dec
312,Participate in codebasics contests and win prizes!,2020-12-24,2341,169,38,Dec
313,Life of a programmer in one word,2020-12-24,2770,152,29,Dec
314,"Sliding Window Object Detection | Deep Learning Tutorial 30 (Tensorflow, Keras & Python)",2020-12-23,38052,826,30,Dec
315,Tableau Project For Beginners | Sales Insights : 6 - Feedback From Stakeholders & Profit Analysis,2020-12-21,43478,943,91,Dec
316,My YouTube setup (hardware and software) | Youtube Setup For Coding Channel,2020-12-20,10859,298,39,Dec
317,Tableau Project For Beginners |  Sales Insights :  5 - Build Tableau Dashboard,2020-12-19,80264,1750,112,Dec
318,Tableau Project For Beginners | Sales Insights : 4 - Data Cleaning & ETL in Tableau,2020-12-18,68073,1017,86,Dec
319,Tableau Project For Beginners | Sales Insights : 3 - Data Analysis Using SQL,2020-12-17,103125,1497,144,Dec
320,Tableau Project For Beginners | Sales Insights : 2 - Data Discovery,2020-12-16,71435,959,35,Dec
321,Tableau Project For Beginners | Sales Insights : 1 - Problem Statement,2020-12-15,140211,2395,100,Dec
322,"200k Subscribers, Big announcement and Channel Update",2020-12-12,5313,358,86,Dec
323,Data science career tips from H20.ai machine learning engineer and a Kaggle expert,2020-12-11,10610,272,27,Dec
324,What is GPT3? | GPT3 demo,2020-12-08,24218,681,55,Dec
325,"Popular datasets for computer vision: ImageNet, Coco and Google Open images | Deep Learning 29",2020-12-07,47161,990,50,Dec
326,Oyo rooms data analyst will teach you how to get a data analyst internship,2020-12-06,58070,2092,114,Dec
327,"Learn coding in 3 months, step by step coding roadmap | How to learn to code for absolute beginners?",2020-12-01,565331,22288,726,Dec
328,Image classification vs Object detection vs Image Segmentation | Deep Learning Tutorial 28,2020-11-30,74708,1647,38,Nov
329,He earned 1.5 lakh rs a month as a freelancer | Live session,2020-11-29,13764,520,32,Nov
330,"Project announcement to help blind people using Computer Vision, NLP & IOT",2020-11-28,4864,250,23,Nov
331,How to get software engineering internship | How to get programming Job,2020-11-28,23882,629,68,Nov
332,Selection Sort in python - Data Structures & Algorithms Tutorial Python #19,2020-11-27,36221,527,69,Nov
333,"Machine Learning Tutorial Python - 17: L1 and L2 Regularization | Lasso, Ridge Regression",2020-11-26,187775,4210,163,Nov
334,"AI will kill all jobs in this world, really?",2020-11-24,22126,867,168,Nov
335,"Transfer Learning | Deep Learning Tutorial 27 (Tensorflow, Keras & Python)",2020-11-23,127212,2723,129,Nov
336,He became top rated freelancer in first 4 months on upwork | Data analyst freelancer,2020-11-22,360786,10439,508,Nov
337,Grocery Store Application - 6. List orders | Python project tutorial,2020-11-21,23340,267,19,Nov
338,Grocery Store Application - 5. Insert order functionality | Python project tutorial,2020-11-20,14585,130,17,Nov
339,Convert python file to exe in less than 2 minutes (.py to .exe),2020-11-20,56043,435,48,Nov
340,Grocery Store Application - 4. Products Frontend | Python project tutorial,2020-11-19,29953,326,38,Nov
341,Grocery Store Application - 3. Products Backend | Python project tutorial,2020-11-18,51746,710,77,Nov
342,Grocery Store Application - 2. Database Design | Python project tutorial,2020-11-17,72654,925,59,Nov
343,Grocery Store Application - 1. Overview | Python project tutorial,2020-11-16,105194,1755,66,Nov
344,Do you need help with live mock coding interviews?,2020-11-07,2849,116,23,Nov
345,Snake and apple game in python pygame - 1. Intro and create surface | Python project tutorial,2020-11-07,38646,709,67,Nov
346,Snake and apple game in python pygame - 2. Converting into OOP | Python project tutorial,2020-11-07,8071,170,13,Nov
347,Snake and apple game in python pygame - 3. Moving block with timer | Python project tutorial,2020-11-07,5268,93,3,Nov
348,Snake and apple game in python pygame - 4. Draw snake and apple | Python project tutorial,2020-11-07,4705,72,13,Nov
349,"Snake and apple game in python pygame - 5. Snake eats apple, find score | Python project tutorial",2020-11-07,9405,80,7,Nov
350,Snake and apple game in python pygame - 6. Game over logic | Python project tutorial,2020-11-07,3736,76,6,Nov
351,"Snake and apple game in python pygame - 7. Add background music,image | Python project tutorial",2020-11-07,6305,61,14,Nov
352,Snake and apple game in python pygame - 8. Convert python to exe | Python project tutorial,2020-11-07,11453,218,16,Nov
353,Organic Farm Visit in my Village,2020-11-04,7122,332,40,Nov
354,"Data augmentation to address overfitting | Deep Learning Tutorial 26 (Tensorflow, Keras & Python)",2020-11-01,98294,1937,122,Nov
355,Shell Sort - Data Structures & Algorithms Tutorial Python #18,2020-10-31,33251,545,38,Oct
356,Noise removal using AI: NVIDIA broadcast,2020-10-30,28726,532,90,Oct
357,"Convolution padding and stride | Deep Learning Tutorial 25 (Tensorflow2.0, Keras & Python)",2020-10-26,64097,1834,48,Oct
358,How to get a job after learning data science skills,2020-10-25,44344,1678,104,Oct
359,Image classification using CNN (CIFAR10 dataset) | Deep Learning Tutorial 24 (Tensorflow & Python),2020-10-24,366990,6011,283,Oct
360,Merge Sort - Data Structures & Algorithms Tutorial Python #17,2020-10-21,82591,1388,113,Oct
361,Simple explanation of convolutional neural network | Deep Learning Tutorial 23 (Tensorflow & Python),2020-10-14,688492,15551,635,Oct
362,How to ask technical questions in a right way?,2020-10-11,2031,138,46,Oct
363,"Applications of computer vision | Deep Learning Tutorial 22 (Tensorflow2.0, Keras & Python)",2020-10-08,69098,2249,60,Oct
364,How to become industry ready when you are in college,2020-10-06,6542,455,70,Oct
365,Surprise announcement for you all (MUST watch),2020-10-04,6451,306,74,Oct
366,How to build logic in programming | Tips to improving logic building in programming,2020-10-03,44292,1706,120,Oct
367,Insertion Sort - Data Structures & Algorithms Tutorial Python #16,2020-10-02,57473,907,75,Oct
368,Announcing Discord Server For Codebasics,2020-10-01,4034,229,50,Oct
369,Handling imbalanced dataset in machine learning | Deep Learning Tutorial 21 (Tensorflow2.0 & Python),2020-09-24,135706,3032,196,Sep
370,"Dropout Regularization | Deep Learning Tutorial 20 (Tensorflow2.0, Keras & Python)",2020-09-23,62417,2002,71,Sep
371,How to earn money by coding | Make money by programming,2020-09-22,152616,5272,264,Sep
372,Quick Sort - Data Structures & Algorithms Tutorial Python #15,2020-09-20,80703,1376,98,Sep
373,Bubble Sort - Data Structures & Algorithms Tutorial Python #14,2020-09-18,63878,1465,79,Sep
374,Binary Search - Data Structures & Algorithms Tutorial Python #13,2020-09-17,58108,1038,84,Sep
375,Complete python roadmap | How to become an expert in python programming,2020-09-13,857527,29984,1033,Sep
376,"Precision, Recall, F1 score, True Positive|Deep Learning Tutorial 19 (Tensorflow2.0, Keras & Python)",2020-09-08,183701,4479,218,Sep
377,"Customer churn prediction using ANN | Deep Learning Tutorial 18 (Tensorflow2.0, Keras & Python)",2020-09-07,129743,2566,183,Sep
378,Data Analyst Career Guidance Live Q&A,2020-09-06,4829,238,21,Sep
379,How important is programming and machine learning for a Data Analyst?,2020-09-05,22991,933,72,Sep
380,codebasics Live Stream,2020-09-02,0,0,0,Sep
381,8 Skills to get a data analyst job | Skills to become successful data analyst,2020-09-02,632898,22520,741,Sep
382,"GPU bench-marking with image classification | Deep Learning Tutorial 17 (Tensorflow2.0, Python)",2020-08-31,51887,1254,86,Aug
383,Data Science In Biology | How a biologist became a data scientist,2020-08-30,11047,350,38,Aug
384,"Tensorboard Introduction | Deep Learning Tutorial 16 (Tensorflow2.0, Keras & Python)",2020-08-29,63869,1442,60,Aug
385,How to pass a coding interview |Interview tips for software developer |Cracking the coding interview,2020-08-26,100380,3066,119,Aug
386,"Chain Rule | Deep Learning Tutorial 15 (Tensorflow2.0, Keras & Python)",2020-08-24,53486,2023,93,Aug
387,"Interview with a siemens data scientist, TEDx speaker | Vijay Pravin Maharajan",2020-08-23,6155,238,25,Aug
388,Graph Introduction - Data Structures & Algorithms Tutorials In Python #12,2020-08-22,140377,2590,173,Aug
389,Building 3500$ Deep Learning Workstation | Deep Learning PC build From Scratch,2020-08-20,31660,722,86,Aug
390,Stochastic Gradient Descent vs Batch Gradient Descent vs Mini Batch Gradient Descent |DL Tutorial 14,2020-08-18,114456,3076,216,Aug
391,"Implement Neural Network In Python | Deep Learning Tutorial 13 (Tensorflow2.0, Keras & Python)",2020-08-15,73422,1357,74,Aug
392,"Loss or Cost Function | Deep Learning Tutorial 11 (Tensorflow Tutorial, Keras & Python)",2020-08-14,103526,2454,90,Aug
393,"Gradient Descent For Neural Network | Deep Learning Tutorial 12 (Tensorflow2.0, Keras & Python)",2020-08-14,124916,3236,298,Aug
394,"Matrix Basics | Deep Learning Tutorial 10 (Tensorflow Tutorial, Keras & Python)",2020-08-04,76048,1991,60,Aug
395,"Derivatives | Deep Learning Tutorial 9 (Tensorflow Tutorial, Keras & Python)",2020-08-01,77318,2332,164,Aug
396,NVIDIA TITAN RTX UNBOXING,2020-07-31,4680,173,49,Jul
397,Data science career tips from Ken Jee (Data scientist and a youtuber),2020-07-21,3947,167,21,Jul
398,"Activation Functions | Deep Learning Tutorial 8 (Tensorflow Tutorial, Keras & Python)",2020-07-20,164427,5745,160,Jul
399,Neural Network For Handwritten Digits Classification | Deep Learning Tutorial 7 (Tensorflow2.0),2020-07-18,293941,5155,438,Jul
400,"Pytorch vs Tensorflow vs Keras | Deep Learning Tutorial 6 (Tensorflow Tutorial, Keras & Python)",2020-07-17,158153,2445,48,Jul
401,"Install tensorflow 2.0 | Deep Learning Tutorial 5 (Tensorflow Tutorial, Keras & Python)",2020-07-16,190336,1667,157,Jul
402,"Neural Network Simply Explained | Deep Learning Tutorial 4 (Tensorflow2.0, Keras & Python)",2020-07-14,267525,10333,953,Jul
403,"What is a neuron? | Deep Learning Tutorial 3 (Tensorflow Tutorial, Keras & Python)",2020-07-13,200605,8769,394,Jul
404,"Why deep learning is becoming so popular? | Deep Learning Tutorial 2 (Tensorflow2.0, Keras & Python)",2020-07-12,157410,2368,56,Jul
405,"Introduction | Deep Learning Tutorial 1 (Tensorflow Tutorial, Keras & Python)",2020-07-11,478919,6451,193,Jul
406,Power BI Project For Beginners | Sales Insights Data Analysis Project - 9 Changes Based On Feedback,2020-07-06,83021,1293,237,Jul
407,Conversation with my brother | Young Entrepreneur and CEO,2020-07-05,3110,155,34,Jul
408,Power BI Project For Beginners |  Sales Insights Data Analysis Project - 8 - Dashboard in mobile app,2020-07-01,41880,812,37,Jul
409,Power BI Project For Beginners |  Sales Insights Data Analysis Project - 7 - Publish A Report,2020-06-30,55105,809,48,Jun
410,Is data science a hype? | Is data science a bubble?,2020-06-29,26388,790,122,Jun
411,Power BI Project For Beginners | Sales Insights Data Analysis Project - 6 - Stakeholders' Feedback,2020-06-28,52211,1034,66,Jun
412,Power BI Project For Beginners | Sales Insights Data Analysis Project - 5 - Build Dashboard,2020-06-27,136631,2048,274,Jun
413,Power BI Project For Beginners |  Sales Insights Data Analysis Project - 4 - Data Cleaning & ETL,2020-06-26,168673,3327,313,Jun
414,Power BI Project For Beginners | Sales Insights Data Analysis Project - 3 - Data Analysis Using SQL,2020-06-25,238114,4403,354,Jun
415,Power BI Project For Beginners | Sales Insights Data Analysis Project - 2 - Data Discovery,2020-06-24,201793,2498,93,Jun
416,Power BI Project For Beginners | Sales Insights Data Analysis Project - 1 - Problem Statement,2020-06-23,436065,6381,232,Jun
417,Artificial Intelligence (AI) vs Machine Learning vs Deep Learning vs Data Science,2020-06-22,73868,1915,136,Jun
418,"Codebasics Live Q&A : 21 June, 2020",2020-06-21,2791,125,13,Jun
419,3 Books that will help you become successful,2020-06-18,2744,153,32,Jun
420,Data Science & Machine Learning Project - Part 8 Deployment & Exercise | Image Classification,2020-06-18,25492,689,72,Jun
421,Data Science & Machine Learning Project - Part 7 Build Website | Image Classification,2020-06-18,30882,279,35,Jun
422,Data Science & Machine Learning Project - Part 6 Flask Server | Image Classification,2020-06-16,31235,487,88,Jun
423,How B com graduate became a data analyst | Data analyst career transition,2020-06-15,164933,4466,335,Jun
424,Data Science & Machine Learning Project - Part 5 Training a Model | Image Classification,2020-06-15,31439,402,45,Jun
425,Data Science & Machine Learning Project - Part 4 Feature Engineering | Image Classification,2020-06-14,35236,494,57,Jun
426,"Data Science Interview Tips, Career Guidance With Ken Jee, Krish Naik, Data Professor & Codebasics",2020-06-14,7699,451,38,Jun
427,Data Science & Machine Learning Project - Part 3 Data Cleaning | Image Classification,2020-06-13,81912,1455,278,Jun
428,Data Science & Machine Learning Project - Part 2 Data Collection | Image Classification,2020-06-12,61638,782,46,Jun
429,Data Science & Machine Learning Project - Part 1 Introduction | Image Classification,2020-06-12,109294,1586,78,Jun
430,Is Becoming a Data Scientist Hard?,2020-06-11,51152,1905,105,Jun
431,Data Analyst Interview & Job Tips With A Data Analyst | Mechanical Engineer to Data Analyst,2020-06-09,62928,1510,117,Jun
432,Data Analyst Resume Review Session | Review 27 Real Resumes For Data Analyst Position,2020-05-31,63709,1587,84,May
433,Preparing Vegetable Garden For Summer 2020,2020-05-30,2869,135,59,May
434,Outlier detection and removal using IQR | Feature engineering tutorial python # 4,2020-05-29,63700,1274,122,May
435,"Outlier detection and removal: z score, standard deviation | Feature engineering tutorial python # 3",2020-05-28,90222,1824,117,May
436,"Career guidance, job tips with Amazon Engineer and Cox AI director Part 2",2020-05-26,1130,39,10,May
437,"Career guidance, job tips with Amazon Engineer and Cox AI director Part 1",2020-05-26,2435,95,17,May
438,Outlier detection and removal using percentile | Feature engineering tutorial python # 2,2020-05-26,112808,2015,127,May
439,What is feature engineering | Feature Engineering Tutorial Python # 1,2020-05-25,113519,1815,66,May
440,Binary Tree Part 2 | BST | Binary Search Tree - Data Structures & Algorithms Tutorials In Python #11,2020-05-21,64402,1304,182,May
441,Binary Tree Part 1 | BST | Binary Search Tree - Data Structures & Algorithms Tutorials In Python #10,2020-05-19,170961,2648,159,May
442,Silver Button & A Big Thanks!,2020-05-16,3242,318,112,May
443,How a mechanical engineer became a data analyst,2020-05-11,57261,1457,160,May
444,How to get programming experience without having a job | 5 Tips on getting real coding experience,2020-05-10,22297,895,54,May
445,Can anyone learn coding?,2020-05-06,22892,1042,124,May
446,How to learn anything effectively? | How to learn things effectively?,2020-04-30,153193,6761,182,Apr
447,Tree (General Tree) - Data Structures & Algorithms Tutorials In Python #9,2020-04-27,204784,3641,204,Apr
448,Tips to improve programming skills,2020-04-25,14834,680,55,Apr
449,Queue - Data Structures & Algorithms Tutorials In Python #8,2020-04-19,113922,1814,113,Apr
450,Coding Best Practices With Examples | Code Review Best Practices,2020-04-17,41108,777,46,Apr
451,100K subscribers. Thanks For Your Support & Love!,2020-04-15,1315,134,132,Apr
452,How to learn coding for beginners | Learn coding for free | learn coding from scratch,2020-04-05,411502,9812,530,Apr
453,Stack - Data Structures & Algorithms Tutorial In Python #7,2020-03-31,173307,3270,148,Mar
454,Data analyst interview tips | How to prepare for data analyst interview,2020-03-28,175186,5511,142,Mar
455,Collision Handling In Hash Table - Data Structures & Algorithms Tutorials In Python #6,2020-03-22,123388,2380,192,Mar
456,Hash Table - Data Structures & Algorithms Tutorials In Python #5,2020-03-22,271045,5405,211,Mar
457,Linked List - Data Structures & Algorithms Tutorials in Python #4,2020-03-16,528653,9944,524,Mar
458,Data Analyst Resume Examples | Data Analyst Resume Sample,2020-03-13,76166,1735,92,Mar
459,Arrays - Data Structures & Algorithms Tutorials in Python #3,2020-03-12,311175,5412,273,Mar
460,Data Structures & Algorithms Tutorial in Python #1 - What are data structures?,2020-03-07,645969,10813,244,Mar
461,How my health struggle inspired me to start YouTube Channel?,2020-03-06,13455,1103,298,Mar
462,Big O notation - Data Structures & Algorithms Tutorial #2 | Measuring time complexity,2020-03-03,526289,10688,405,Mar
463,Deploy machine learning model to production AWS (Amazon EC2 instance),2020-02-24,81854,1079,285,Feb
464,"Feb 22, 2020: Live Q&A With Codebasics",2020-02-22,2298,89,20,Feb
465,"Codebasics Live Q & A - Feb 19, 2020",2020-02-19,1673,83,26,Feb
466,How to switch career to data science from non computer science background,2020-02-16,142316,5733,454,Feb
467,What is ETL | What is Data Warehouse | OLTP vs OLAP,2020-02-15,347199,9286,360,Feb
468,Skills required for data analyst | How to learn data analyst skills for free,2020-02-08,539867,24326,2595,Feb
469,Data Analyst vs Data Engineer vs Data Scientist,2020-02-01,161866,4965,275,Feb
470,Data Scientist Salary: How much a data scientist earn,2020-01-04,19800,367,53,Jan
471,Machine Learning & Data Science Project - 4 : Outlier Removal (Real Estate Price Prediction Project),2020-01-01,123129,1346,194,Jan
472,Machine Learning & Data Science Project - 7 : Website or UI (Real Estate Price Prediction Project),2020-01-01,84746,1162,215,Jan
473,Machine Learning & Data Science Project - 6 : Python Flask Server (Real Estate Price Prediction),2020-01-01,121223,920,366,Jan
474,Machine Learning & Data Science Project - 5 : Model Building (Real Estate Price Prediction Project),2020-01-01,120214,1360,212,Jan
475,Machine Learning & Data Science Project - 3 : Feature Engineering (Real Estate Price Prediction),2020-01-01,121883,1264,92,Jan
476,Machine Learning & Data Science Project - 2 : Data Cleaning (Real Estate Price Prediction Project),2020-01-01,238485,2755,236,Jan
477,Machine Learning & Data Science Project - 1 : Introduction (Real Estate Price Prediction Project),2020-01-01,297036,3148,81,Jan
478,What is Data Science? | Free Data Science Course | Data Science for Beginners | codebasics,2019-12-10,448813,6062,335,Dec
479,Machine Learning Tutorial Python - 16: Hyper parameter Tuning (GridSearchCV),2019-11-23,229664,5373,333,Nov
480,Machine Learning Tutorial Python - 15:  Naive Bayes Classifier Algorithm Part 2,2019-11-17,90043,2147,305,Nov
481,Machine Learning Tutorial Python - 14: Naive Bayes Classifier Algorithm Part 1,2019-11-16,174867,2535,133,Nov
482,"Channel Update: Hindi Channel, Health, Deep Learning",2019-10-06,3817,100,51,Oct
483,50k Subscribers and Channel Update!,2019-06-22,8048,104,126,Jun
484,Drinking Raw Goat Milk In India,2019-05-10,10069,133,58,May
485,9. For loop [Python 3 Programming Tutorials],2019-05-08,144778,1636,68,May
486,21. Generators [Python 3 Programming Tutorials],2019-05-08,23352,294,9,May
487,1. Install python on windows [Python 3 Programming Tutorials],2019-05-08,209734,1701,47,May
488,12.1 - Install Python Module (using pip) [Python 3 Programming Tutorials],2019-05-08,146197,1007,65,May
489,13. Working With JSON [Python 3 Programming Tutorials],2019-05-08,101871,1355,40,May
490,24. Command line argument processing using argparse [Python 3 Programming Tutorials],2019-05-08,39810,649,29,May
491,10. Functions [Python 3 Programming Tutorials],2019-05-08,123467,1601,53,May
492,8. If Statement [Python 3 Programming Tutorials],2019-05-08,130167,1389,80,May
493,5. Lists [Python 3 Programming Tutorials],2019-05-08,153501,1869,61,May
494,7. Debug Python code using PyCharm [Python 3 Programming Tutorials],2019-05-08,130390,1359,46,May
495,"14. if __name__ == ""__main__"" [Python 3 Programming Tutorials]",2019-05-08,88006,1114,44,May
496,16. Class and Objects [Python 3 Programming Tutorials],2019-05-08,85700,1332,57,May
497,2. Variables in python [Python 3 Programming Tutorials],2019-05-08,238142,2084,42,May
498,12. Modules [Python 3 Programming Tutorials],2019-05-08,97662,1237,29,May
499,25. Decorators [Python 3 Programming Tutorials],2019-05-08,19941,364,42,May
500,11. Dictionaries and Tuples [Python 3 Programming Tutorials],2019-05-08,98380,1125,71,May
501,23. Sets and Frozen Sets [Python 3 Programming Tutorials],2019-05-08,19696,302,10,May
502,6. Install PyCharm on Windows [Python 3 Programming Tutorials],2019-05-08,121680,1096,34,May
503,19. Raise Exception And Finally [Python 3 Programming Tutorials],2019-05-08,26446,313,11,May
504,17. Inheritance [Python 3 Programming Tutorials],2019-05-08,40568,584,35,May
505,4. Strings [Python 3 Programming Tutorials],2019-05-08,161257,1711,69,May
506,20. Iterators [Python 3 Programming Tutorials],2019-05-08,27375,351,13,May
507,22. List Set Dict Comprehensions [Python 3 Programming Tutorials],2019-05-08,19274,284,5,May
508,15. Exception Handling [Python 3 Programming Tutorials],2019-05-08,67939,894,27,May
509,3. Numbers [Python 3 Programming Tutorials],2019-05-08,182132,2014,63,May
510,18. Multiple Inheritance [Python 3 Programming Tutorials],2019-05-08,25099,317,20,May
511,Machine Learning Tutorial Python - 13:  K Means Clustering Algorithm,2019-02-04,538199,10346,569,Feb
512,Machine Learning Tutorial Python 12 - K Fold Cross Validation,2019-01-26,301949,6671,561,Jan
513,Machine Learning Tutorial Python - 11  Random Forest,2018-12-23,291547,3803,333,Dec
514,Machine Learning Tutorial Python - 10  Support Vector Machine (SVM),2018-12-19,334834,4527,433,Dec
515,Machine Learning Tutorial Python - 9  Decision Tree,2018-11-17,414410,5731,897,Nov
516,Machine Learning Tutorial Python - 8  Logistic Regression (Multiclass Classification),2018-09-21,227058,3009,374,Sep
517,Machine Learning Tutorial Python - 8:  Logistic Regression (Binary Classification),2018-09-07,468950,7008,559,Sep
518,My Vegetable Garden,2018-09-02,3608,151,34,Sep
519,Machine Learning Tutorial Python - 7: Training and Testing Data,2018-08-09,408303,6303,336,Aug
520,Machine Learning Tutorial Python - 6: Dummy Variables & One Hot Encoding,2018-08-06,308232,4806,599,Aug
521,Machine Learning Tutorial Python - 5: Save Model Using Joblib And Pickle,2018-07-29,226040,3236,169,Jul
522,Machine Learning Tutorial Python - 4: Gradient Descent and Cost Function,2018-07-22,517564,7920,663,Jul
523,Machine Learning Tutorial Python - 3: Linear Regression Multiple Variables,2018-07-04,491246,6609,648,Jul
524,Machine Learning Tutorial Python - 2: Linear Regression Single Variable,2018-07-01,821363,10960,1199,Jul
525,Machine Learning Tutorial Python -1: What is Machine Learning?,2018-06-30,888033,10159,215,Jun
526,"Python Pandas Tutorial 14: Read Write Data From Database (read_sql, to_sql)",2018-05-05,178970,2270,163,May
527,Matplotlib Tutorial 7 - Save Chart To a File Using savefig,2018-01-01,46100,708,64,Jan
528,Matplotlib Tutorial 6 - Pie Chart,2017-12-10,76559,1082,40,Dec
529,Matplotlib Tutorial 5 - Histograms,2017-12-08,105268,1359,60,Dec
530,Matplotlib Tutorial 4 - Bar Chart,2017-12-06,133623,1606,92,Dec
531,"Matplotlib Tutorial 3 - Axes labels, Legend, Grid",2017-12-03,101871,1211,56,Dec
532,Matplotlib Tutorial 2 - format strings in plot function,2017-12-03,69743,900,38,Dec
533,Matplotlib Tutorial 1 - Introduction and Installation,2017-12-02,139841,1441,56,Dec
534,numpy tutorial: iterate numpy array using nditer | numpy nditer,2017-12-02,73180,1260,74,Dec
535,Pandas Time Series Analysis 6: Shifting and Lagging,2017-09-03,60416,789,54,Sep
536,Pandas Time Series Analysis 6: Timezone Handling,2017-08-27,32553,370,21,Aug
537,Pandas Time Series Analysis 5: Period and PeriodIndex,2017-08-14,47172,561,44,Aug
538,Pandas Time Series Analysis 4: to_datetime,2017-08-01,51968,592,31,Aug
539,Pandas Time Series Analysis 3: Holidays,2017-07-29,51715,714,60,Jul
540,Pandas Time Series Analysis Part 2: date_range,2017-07-22,79240,1052,59,Jul
541,Pandas Time Series Analysis Part 1: DatetimeIndex and Resample,2017-07-15,188084,2691,158,Jul
542,Python Pandas Tutorial 13. Crosstab,2017-07-06,94591,1790,62,Jul
543,Python Pandas Tutorial 12. Stack Unstack,2017-07-02,83277,1514,61,Jul
544,5000 subscribers: Recap on channel history and future tutorials,2017-06-27,1528,97,28,Jun
545,Python Pandas Tutorial 11. Reshape dataframe using melt,2017-06-24,101695,1491,67,Jun
546,Python Pandas Tutorial 10. Pivot table,2017-06-04,226562,3275,138,Jun
547,Python Pandas Tutorial 9. Merge Dataframes,2017-05-27,216983,3558,194,May
548,Why Should You Learn Python? | Complete python3 tutorials for beginners,2017-05-23,364663,7197,137,May
549,Python Pandas Tutorial 8. Concat Dataframes,2017-05-14,175578,2729,94,May
550,Python Pandas Tutorial 7. Group By (Split Apply Combine),2017-03-26,300913,4911,285,Mar
551,Python Pandas Tutorial 6. Handle Missing Data: replace function,2017-02-26,179515,3696,153,Feb
552,"Python Pandas Tutorial 5: Handle Missing Data: fillna, dropna, interpolate",2017-02-17,351117,6590,285,Feb
553,Python Pandas Tutorial 4: Read Write Excel CSV File,2017-02-04,630684,8403,504,Feb
554,Python Pandas Tutorial 3: Different Ways Of Creating DataFrame,2017-01-31,284836,4332,92,Jan
555,Python Pandas Tutorial 2: Dataframe Basics,2017-01-28,694686,10584,436,Jan
556,Python Pandas Tutorial 1. What is Pandas python? Introduction and Installation,2017-01-21,1001647,11197,370,Jan
557,Jupyter Notebook Tutorial / Ipython Notebook Tutorial,2017-01-15,112936,1703,141,Jan
558,What is Anaconda? Install Anaconda On Windows.,2017-01-14,161333,1586,65,Jan
559,What is Jupyter Notebook? | Jupyter Notebook Tutorial in Python,2017-01-09,356912,4435,122,Jan
560,"numpy tutorial - slicing/stacking arrays, indexing with boolean arrays",2016-12-28,134829,2876,91,Dec
561,numpy tutorial - basic array operations,2016-12-26,222670,2761,86,Dec
562,numpy tutorial - introduction | numpy array vs python list,2016-12-25,266185,2265,102,Dec
563,Python unit testing - pytest parameters,2016-12-23,34661,371,32,Dec
564,Python Decorators Tutorial,2016-12-19,97697,1995,153,Dec
565,Python unit testing - pytest fixtures,2016-12-17,86957,1028,50,Dec
566,What is memory leak?,2016-12-13,72262,1292,53,Dec
567,Python unit testing - skip/selectively run tests in pytest,2016-12-10,39817,350,25,Dec
568,Python unit testing - pytest introduction,2016-12-04,156969,972,68,Dec
569,What is code?,2016-12-03,35262,458,25,Dec
570,Python Tutorial - 31. Multiprocessing Pool (Map Reduce),2016-10-15,88800,1646,144,Oct
571,Python Tutorial - 30. Multiprocessing Lock,2016-09-29,56135,841,51,Sep
572,Python Tutorial - 29. Sharing Data Between Processes Using Multiprocessing Queue,2016-09-24,84230,1128,65,Sep
573,Git Tutorial 8 - .gitignore file,2016-09-18,263754,2690,122,Sep
574,Python Tutorial - 28. Sharing Data Between Processes Using Array and Value,2016-09-17,79956,912,55,Sep
575,Python Tutorial - 27. Multiprocessing Introduction,2016-09-06,148215,1709,99,Sep
576,Difference between Multiprocessing and Multithreading,2016-09-05,217529,2193,74,Sep
577,Git Tutorial 9: Diff and Merge using meld,2016-08-21,67248,571,44,Aug
578,Git Tutorial 7: What is HEAD?,2016-08-20,61415,854,57,Aug
579,Git Github Tutorial 10: What is Pull Request?,2016-08-13,223811,3376,241,Aug
580,"Git Tutorial 6: Branches (Create, Merge, Delete a branch)",2016-08-10,222297,2518,160,Aug
581,Git Tutorial 5: Undoing/Reverting/Resetting code changes,2016-08-06,237727,2449,168,Aug
582,"Git Tutorial 4: Basic Commands: add, commit, push",2016-07-31,401443,4239,198,Jul
583,Git Tutorial 2 : What is Github? | github tutorial,2016-07-24,78365,749,30,Jul
584,Git Tutorial 1: What is git / What is version control system?,2016-07-23,130001,1464,66,Jul
585,Git Tutorial 3:  How To Install Git,2016-07-23,44960,298,18,Jul
586,Python Tutorial - 26. Multithreading - Introduction,2016-06-19,244299,3367,228,Jun
587,Debugging Tips - Watches and Call Stack,2016-06-02,7849,120,10,Jun
588,Debugging Tips - Conditional Breakpoint,2016-05-29,9706,164,10,May
589,Debugging Tips - What is bug and debugging?,2016-05-28,177947,2057,58,May
590,Python Tutorial - 25. Command line argument processing using argparse,2016-05-14,88367,1031,102,May
591,Python Tutorial - 24. Sets and Frozen Sets,2016-05-08,19786,261,14,May
592,Python Tutorial - 23. List Set Dict Comprehensions,2016-05-02,19298,249,17,May
593,Python Tutorial - 22. Generators,2016-04-30,43452,445,30,Apr
594,Python Tutorial - 21. Iterators,2016-04-23,51534,452,44,Apr
595,Python Tutorial - 20. Raise Exception And Finally,2016-04-19,35464,237,24,Apr
596,Python Tutorial  - 19. Multiple Inheritance,2016-04-09,27942,250,17,Apr
597,Julia Tutorial - 10. Exception Handling,2016-04-03,4065,40,10,Apr
598,Julia Tutorial - 9. Tasks (a.k.a. Generators or Coroutines),2016-04-03,6226,54,8,Apr
599,Python Tutorial - 12.1 - Install Python Module (using pip),2016-04-01,106533,922,72,Apr
600,Julia Tutorial - 8. begin and (;) Compound Expressions,2016-03-28,4367,25,1,Mar
601,Python Tutorial  - 18. Inheritance,2016-03-27,48201,504,57,Mar
602,Julia Tutorial - 7. For While Loop,2016-03-22,7076,45,4,Mar
603,Julia Tutorial - 6. If Statement and Ternary Operator,2016-03-20,5123,31,1,Mar
604,Julia Tutorial - 5. Functions,2016-03-20,9615,77,9,Mar
605,Python Tutorial -  17. Class and Objects,2016-03-13,169764,2216,138,Mar
606,Julia Tutorial - 4. Strings,2016-03-02,6365,51,8,Mar
607,Julia Tutorial - 3. Complex and Rational Numbers,2016-02-28,8628,66,5,Feb
608,Python Tutorial  - 16. Exception Handling,2016-02-27,38168,326,24,Feb
609,Julia Tutorial - Why Should I Learn Julia Programming Language,2016-02-24,112889,936,61,Feb
610,"Python Tutorial - 15. if __name__ == ""__main__""",2016-02-20,74513,834,26,Feb
611,Julia Tutorial - 2. Numbers,2016-02-18,11295,82,5,Feb
612,Julia Tutorial - 1. Variables,2016-02-15,19134,110,9,Feb
613,Python Tutorial - 14. Working With JSON,2016-02-14,112807,1158,92,Feb
614,How to install Julia on Windows,2016-02-13,27927,163,11,Feb
615,Python Tutorial - 13. Reading/Writing Files,2016-02-07,159260,1896,123,Feb
616,Python Tutorial - 12. Modules,2016-01-31,42809,366,23,Jan
617,Python Tutorial - 11. Dictionaries and Tuples,2016-01-17,39923,408,37,Jan
618,Python Tutorial -  10. Functions,2016-01-10,44209,478,82,Jan
619,Python Tutorial - 9. For loop,2016-01-02,25546,223,58,Jan
620,Python Tutorial -  8. If Statement,2015-12-26,22989,177,23,Dec
621,PyCharm Tutorial - 7. Debug python code using PyCharm,2015-12-26,87514,670,63,Dec
622,Python Tutorial - 6. Install PyCharm on Windows,2015-12-24,20659,162,24,Dec
623,Python Tutorial - 5. Lists,2015-12-20,34370,316,55,Dec
624,Python Tutorial - 4. Strings,2015-12-20,28507,316,28,Dec
625,Python Tutorial - 3. Numbers,2015-12-20,32217,318,31,Dec
626,Python Tutorial - 2. Variables,2015-12-20,42391,333,24,Dec
627,Python Tutorial - 1. Install python on windows,2015-12-20,47526,372,16,Dec
